Duration,Finished,gender,age,pid7,ideo5,race,race_8_TEXT,race_commitment,citizenship,american_commitment,other_commitment,expert_mistrust1,expert_mistrust2,attention_check1,authoritarianism1,authoritarianism2,authoritarianism3,authoritarianism4,ethnocentrism_1,ethnocentrism_2,ethnocentrism_3,ethnocentrism_4,ethnocentrism_5,ethnocentrism_6,stereotype_lazy_1,stereotype_lazy_2,stereotype_lazy_3,stereotype_lazy_4,stereotype_lazy_5,stereotype_lazy_6,stereotype_violent_1,stereotype_violent_2,stereotype_violent_3,stereotype_violent_4,stereotype_violent_5,stereotype_violent_6,stereotype_unintelli_1,stereotype_unintelli_2,stereotype_unintelli_3,stereotype_unintelli_4,stereotype_unintelli_5,stereotype_unintelli_6,egalitarianism1,egalitarianism2,egalitarianism3,attention_check2,monitor1,monitor2,monitor3,anti-elitism1,anti-elitism2,anti-elitism3,attention_check3,mcheck_open,mcheck_closed,diversity1,diversity2,diversity3,diversity4,diversity5,diversity6,MC_cultural1,MC_cultural2,MC_cultural3,MC_cultural4,MC_social1,MC_social2,MC_social3,MC_social4,MC_diversitycons1,MC_diversitycons2,MC_diversitycons3,MC_diversitycons4,MC_equity1,MC_equity2,MC_equity3,MC_equity4,respondent_reaction,exp_condition
473,1,0,1,2,3,7,,1,1,3,,4,4,5,0,0,1,0,100,100,100,100,100,100,1,1,1,1,1,1,1,1,1,1,1,1,1,1,1,1,1,1,5,3,1,1,2,2,3,1,3,4,5,I think it shows how powerful some ads can be,3,2,3,3,3,4,3,3,4,4,2,3,3,3,3,3,3,3,3,3,3,3,3,,Control
600,1,0,1,4,1,7,,3,1,4,,2,5,5,0,0,1,0,100,100,100,100,100,100,1,1,1,2,1,1,1,1,2,2,1,1,1,1,1,1,1,1,1,1,1,1,4,4,4,1,5,5,5,"Striving towards racial diversity seeks to ensure equitable representation, equitable outcomes, and thus a more equitable society. ",3,1,1,1,1,1,1,1,1,2,1,1,1,1,1,2,2,1,1,1,1,1,1,"I am troubled that people, especially within the political science department, would be against racial integration and promotion of racial equity and diversity. ",TreatmentC-ProDiversity
860,1,0,1,1,2,4,,4,1,4,,1,2,5,0,0,1,0,100,100,100,100,100,100,2,2,5,3,4,2,2,2,4,4,4,4,3,2,3,3,3,3,1,1,1,1,1,4,2,3,4,4,5,From what I read I can concur that the commentator feels negatively towards immigration. I understood that they believe people should remain in their own states/countries to preserve that culture.,1,1,1,1,1,1,3,3,1,2,1,1,1,1,2,1,1,1,2,1,1,1,1,"I think that racial and ethnic differences should be celebrated. Although some conflict can arise at the start, with time and interaction things will hopefully begin to change.",TreatmentB-HardSell
568,1,0,1,5,4,7,,3,1,4,,4,5,5,1,1,0,1,80,100,100,100,100,20,3,2,2,2,4,3,5,2,5,2,2,6,4,2,5,2,5,5,4,4,4,1,3,2,3,3,2,1,5,Basically that everyone will do better in a society that is more inclusive ,3,2,1,1,2,4,4,3,1,2,2,4,4,2,3,4,2,3,4,3,3,3,3,,TreatmentC-ProDiversity
471,1,0,1,3,2,7,,1,1,2,,2,4,5,0,0,1,0,80,80,80,40,80,80,2,2,2,5,2,2,2,2,2,5,2,2,2,2,2,5,2,2,2,2,2,1,3,3,3,4,3,4,4,"Some groups are more powerful than others. Racial diversity will grow, there is natural separation between communities.  ",1,1,2,1,1,2,1,2,2,2,2,2,2,2,2,2,2,2,2,2,2,2,2,,TreatmentA-SoftSell
553,1,0,1,4,3,7,,1,1,3,,2,4,5,0,0,1,0,100,100,100,60,100,100,1,1,1,2,1,1,3,2,4,4,1,4,1,1,1,1,1,1,1,1,1,1,2,2,2,2,4,1,5,Everyone should be kept in their own groups to protect culture. It’s becoming a growing concern with the increase in immigration,2,1,1,1,1,1,1,1,1,1,1,1,1,1,1,4,2,1,3,1,1,1,1,I was shocked they suggested keeping us separate to protect culture. ,TreatmentB-HardSell
1048,1,1,1,3,3,3,,5,1,3,,2,4,5,1,1,0,1,80,80,100,80,80,80,3,2,2,4,3,1,3,3,5,3,2,4,3,2,5,3,3,4,1,2,2,1,1,2,2,2,3,4,5,"Adélie penguins were discovered by a Frenchman who named them after his wife. They are small, only standing at around 2 feet tall and weighing between 6 and 18 pounds. Their features are very similar to the cartoon character Pingu.",4,2,1,1,1,3,2,3,1,1,1,2,1,1,1,1,3,1,3,1,1,2,2,I was a bit thrown off considering the commentary I read and then questions I had before and after the commentary were not related to penguins at all.,Control
920,1,1,1,3,4,7,,1,1,3,,2,2,4,0,0,1,0,60,90,70,90,80,80,2,1,3,2,2,1,6,1,5,3,2,4,5,2,6,5,3,4,2,1,2,1,3,2,2,2,4,2,5,"Adelie penguins are a species of small penguins with notable features such as flack coats, white bellies, and white irises.",4,2,2,1,1,3,3,2,2,4,2,4,2,1,1,5,4,5,2,1,1,1,1,,Control
1077,1,0,1,5,3,7,,3,1,4,,2,5,5,0,0,1,0,100,100,100,100,100,100,1,1,1,1,1,1,1,1,1,1,1,1,1,1,1,1,1,1,3,1,1,1,1,4,2,3,4,3,5,Key points I thought were that we need to address racism/xenopheniba and if we do not it will persistent ,3,1,1,1,1,1,2,1,1,3,1,1,1,1,3,1,1,2,3,1,1,1,1,,TreatmentB-HardSell
1264,1,0,1,1,1,7,,2,1,3,,2,4,5,0,0,1,0,80,70,90,80,80,80,2,2,1,3,2,1,3,3,3,5,3,5,3,3,2,2,3,2,1,2,1,1,2,5,2,1,5,3,5,The commentary emphasized an inclusive society. It stated that we are better off when we embrace all cultures and make an effort to include everyone,3,1,1,1,1,1,2,1,1,2,1,1,1,1,1,1,1,1,2,1,1,1,1,I agreed with it!,TreatmentC-ProDiversity
765,1,1,1,2,2,7,,1,1,5,,1,4,5,0,0,1,0,30,30,30,30,30,30,4,4,4,4,4,4,4,4,4,4,4,4,4,4,4,4,4,4,2,2,1,1,4,4,4,1,4,1,5,There was 2 people and they discovered penguins and it was a significant discovery for science.,4,1,2,1,1,3,4,1,1,3,2,3,1,1,1,5,5,3,3,1,1,1,1,,Control
2445,1,0,1,6,3,7,,2,1,4,,2,4,5,1,1,0,1,70,70,70,80,70,70,2,2,2,3,2,1,3,2,2,2,2,2,1,1,1,1,1,1,2,4,4,1,2,3,2,2,4,3,5,"The racial diversity is an important issue that must be taken seriously, to the point that each person should take a strong look at themselves and how they stand on it.",3,1,1,1,1,1,2,2,1,2,2,2,1,1,1,2,2,1,4,4,2,4,4,,TreatmentB-HardSell
935,1,0,1,4,1,5,,5,1,2,,1,4,5,1,1,0,1,100,90,90,20,90,100,1,1,1,4,1,1,1,1,1,6,1,1,1,1,1,4,1,1,2,2,1,1,2,2,3,3,4,3,5,Key points include that immigration increases diversity and is beneficial for our personal well being because it teaches us new things and we can work together in a diverse environment.,3,1,1,1,1,4,1,1,1,2,1,1,1,1,1,1,1,1,1,1,1,1,1,"As an immigrant and refugee myself, I support it and I believe it present a valid argument.",TreatmentC-ProDiversity
2603,1,0,1,2,2,7,,2,1,2,,1,5,5,0,0,1,0,50,60,70,70,70,50,3,3,3,3,3,1,3,3,5,5,3,3,2,2,3,3,3,5,1,2,2,1,4,4,3,4,3,1,5,"racial discrimination 
",1,1,1,1,1,2,2,1,1,2,1,2,1,1,3,4,2,4,3,1,1,1,1,"honestly, I was transitioning between classes and didn't get to fully comprehend it.",TreatmentA-SoftSell
823,1,1,1,4,1,7,,1,1,1,,1,1,5,1,1,0,1,50,20,50,50,50,50,3,3,6,3,3,3,6,6,6,7,6,6,2,1,5,2,3,3,1,1,1,1,3,3,2,5,5,1,5,"Diversity is important for equality, immigration is what leads to it.",3,3,1,1,2,3,1,2,1,2,4,1,2,1,1,1,2,1,2,1,1,1,1,It sounded pretty reasonable but I was like aw man this guy is one of those liberals obsessed with race,TreatmentC-ProDiversity
1167,1,0,1,1,1,3,,4,1,1,,2,4,5,0,0,1,0,90,90,100,40,90,90,2,2,2,2,2,2,4,3,4,5,2,4,3,3,3,3,3,3,1,1,1,1,3,4,2,2,5,5,5,The commentator believes that racial diversity is a waste of time because people are not focusing on the biological differences between racial groups that make some inferior to others. They believe that diversity will continue to grow because of immigration and that we cannot dismiss these conversations as racism because the actual inferiorities of the races should be addressed. They end by saying that all ethnic groups should live in separate spaces from one another to avoid any commingling. ,2,1,1,2,1,3,1,1,1,2,2,1,2,1,2,2,1,1,2,1,1,1,1,I thought that it was pretty jarring to read. I do not agree with the biological difference argument when it comes to racial discrimination. ,TreatmentB-HardSell
685,1,0,1,6,4,7,,1,0,,3,4,4,5,1,1,0,1,20,20,20,90,20,20,4,4,4,4,4,4,5,3,7,5,4,6,4,5,3,3,3,4,4,2,4,1,2,4,2,3,4,2,5,"A guy discovered smallest penguins in antartica, named them after his wife. The are all black with white feathers on their bellies. They have white iris with black pupils",4,3,4,2,3,4,3,4,4,4,4,4,4,4,3,4,4,3,4,2,4,4,3,,Control
1289,1,1,1,5,4,7,,1,1,5,,4,4,5,1,1,0,1,40,80,70,90,50,60,2,1,6,3,6,1,6,3,5,3,1,3,4,1,6,3,6,5,5,4,4,1,2,4,2,4,4,1,5,"The main points were the primary focus on diversity has actually created generalizations about different groups. According to the commentary, too much diversity has created a loss in culture. ",1,4,1,3,4,4,4,4,2,4,4,3,5,2,3,3,4,3,4,2,2,2,5,"I generally thought it was reasonable. I think in general, foreign cultures who come to the United States legally need to acclimate with our culture if the culture they come from is generally destructive. Having less immigrants enter overall and allowing those with positive traits mirroring immigration systems from other countries like Australia would make the country better. 

Again, it's good to point out that legal immigration from those across the world who wish to make our country better/make their lives better here through dedication and hard work is a huge net benefit to society and has built America into what we've become today. ",TreatmentA-SoftSell
1869,1,0,1,1,2,7,,2,1,4,,1,2,5,0,0,1,0,50,90,90,80,90,60,4,4,4,4,4,3,4,4,4,4,4,4,4,4,4,4,4,4,1,1,2,1,2,3,2,1,3,2,5,Societies are better off when more diverse because we are able to learn from one another's learned and cultural experiences. ,3,3,5,2,1,2,2,2,1,2,1,1,1,1,2,3,1,1,3,1,1,1,1,I think that is was interesting that some people have such negative reactions or feelings to different cultures and immigrants. ,TreatmentC-ProDiversity
912,1,1,1,3,3,7,,2,1,4,,1,5,5,1,1,0,1,30,70,80,80,50,50,2,2,2,4,4,1,3,3,5,4,2,5,2,2,4,2,4,4,3,4,2,1,2,4,2,2,2,1,5,"My main takeaway of this piece was that diversity is essentially bad in practice. Diversity takes away from people's cultures and when there are attempts to fix the problem, it only gets worse.",3,2,1,1,2,4,3,2,1,4,2,3,3,3,2,4,3,4,4,4,3,2,2,"I thought it was kind of ridiculous. Very direct and choppy, but made that way to make the reader feel a certain way.",TreatmentB-HardSell
2058,1,0,1,6,4,7,,3,1,2,,2,3,5,1,1,0,1,50,50,50,100,50,50,4,4,4,5,4,4,4,4,4,4,4,4,4,4,4,4,4,4,2,2,1,1,2,3,2,1,2,3,5,That the world should focus on inclusitivioty. This will help everyone to learn and benefit from each others cultures and way of living.,3,1,1,1,1,1,1,1,1,2,1,2,1,2,1,2,2,1,3,2,2,2,1,,TreatmentC-ProDiversity
1227,1,0,1,4,3,5,,5,1,5,,1,3,5,0,0,1,0,100,100,90,40,100,60,4,2,4,5,4,3,5,1,5,7,4,4,3,1,4,5,4,4,1,2,1,1,1,4,2,5,5,2,5,"'- Everyone should live in their own ethno-states.
- Diversity or the whole idea of the ""melting pot"" is not feasible. 
-Each racial group has their own set of values and traits that make it difficult to cooperate with other racial groups. ",1,5,3,2,1,2,1,4,1,4,2,3,2,1,1,3,2,3,1,1,1,1,1,Nationalism and how people utilize the idealogy for racism. ,TreatmentB-HardSell
1473,1,1,1,4,1,4,,4,1,1,,2,5,5,0,0,1,0,50,20,90,0,70,100,3,2,3,6,4,1,4,4,4,4,4,4,3,2,3,3,2,5,1,3,1,1,1,4,2,5,5,5,5,French explorer Adelie D’uville named the 26 in penguin after his wife adele. The penguins are black in the throat back and top of head. The penguins are native to anatratica.,4,1,1,1,1,5,3,1,1,2,1,4,1,2,1,4,1,2,1,1,1,2,2,I did not care for it. It was pointless as I have no interest in zoology.,Control
1164,1,0,1,3,3,7,,1,1,3,,2,4,5,0,0,1,0,60,60,70,20,60,90,6,6,6,6,6,6,2,2,2,3,1,1,2,1,2,2,2,2,1,1,1,1,1,1,2,4,5,2,5,A man discovered a penguin species and named it after his wife. The penguin is tiny and has very prominent dark/blackish eyes.,4,1,2,2,1,3,1,2,1,4,3,2,1,1,1,2,2,2,3,1,1,1,1,I felt like some of the questions were especially difficult to answer given that there were not many answers that best fit how I felt maybe I am overthinking things but thats what I'm feeling. ,Control
734,1,0,1,1,2,2,,5,1,4,,1,4,5,0,0,1,0,40,70,30,50,70,70,3,2,5,4,2,1,5,2,6,5,3,2,3,1,5,5,3,2,2,1,2,1,1,3,2,1,4,2,5,"Policies aimed at reducing racial discrimination and promoting equality will only make the issues worse. This is because each racial group has their own interests and preferences of living. Diversity is only going to keep expanding due to immigration, so there’s no point in making these policies. We are better off living with our own racial groups rather than intertwined with others. ",1,1,3,1,1,4,4,1,1,2,1,1,1,2,2,2,1,2,1,1,1,1,1,,TreatmentA-SoftSell
758,1,0,1,1,1,7,,2,1,2,,2,4,5,0,0,1,0,100,100,100,80,100,100,1,1,1,1,1,1,1,1,1,2,1,1,1,1,1,1,1,1,1,1,1,1,2,3,2,4,5,1,5,"Communities should remain hegemonous, and showing concerns about changes in culture is a dialogue that should not be considered racist. ",3,1,1,1,1,2,1,1,1,1,1,1,1,1,1,1,1,1,1,1,1,1,1,,TreatmentA-SoftSell
720,1,1,1,4,1,7,,1,1,2,,2,5,5,0,0,1,0,80,90,80,80,90,100,1,1,2,2,2,1,1,1,2,2,1,1,1,1,1,1,1,1,4,4,4,1,2,4,2,5,5,4,5,"Adelie penguins were discovered by a dude who's wife had the name Adele. They are the smallest penguin species. Similar to Pingo. Have distinct eyes. 6-18 pounds, 28 inches tall",4,1,2,1,1,2,1,2,1,2,2,1,2,1,1,2,2,2,3,1,1,1,1,"I did not know there were penguins that small and am planning on looking up photos of them when I'm done. I imagine there's some underlying theme to that story that i don't care to pick up on, but thanks for letting me know about a cute penguin that'll help me start my day off with a smile!",Control
516,1,1,1,2,2,7,,2,1,2,,3,4,5,0,0,1,0,50,50,50,50,50,50,4,4,4,4,4,4,4,4,4,4,4,4,4,4,4,4,4,4,1,1,3,1,2,3,2,3,3,3,5,People would be better off living in there own groups.,3,1,1,1,1,2,1,2,1,1,1,1,1,1,1,1,2,2,3,2,2,3,2,,TreatmentC-ProDiversity
1028,1,0,1,2,2,7,,2,1,4,,1,2,5,0,0,1,0,80,90,90,60,100,90,1,1,1,1,1,1,1,1,2,4,1,1,2,1,2,3,1,2,1,1,2,1,2,4,3,2,4,2,5,"Racial diversity is the way of life. Immigration creates diversity. We must not look at conversation of racial inequalities as conversations of racism and to preserve our culture,  we should live in separate entro-centric states. ",2,1,2,1,1,3,2,3,1,2,2,1,1,2,1,1,1,1,2,1,1,1,1,Very pessimistic. I believe we can preserve cultures and peace and create a more equitable society through intermingling. I also think we need to acknowledge that racism has created many problems we currently face today and that talking about racism is good for processing our systemic issues in this county and hopefully making progress to improve these areas. ,TreatmentB-HardSell
7350,1,1,1,2,2,7,,2,1,4,,2,4,5,1,1,0,1,50,60,80,30,50,50,4,4,4,3,4,6,4,4,4,4,4,4,4,2,4,4,4,3,1,2,2,1,2,3,2,2,2,1,5,"Current policies don't necessarily help promote diversity, they advantage some groups over others. It would be better if we all just stayed in our silos and stuck to our ways of life that are insulated from others.",3,1,1,1,1,2,2,2,2,2,2,2,1,1,1,4,4,2,3,3,3,3,3,"I was surprised by the turn at the end of the commentary that said that groups should just stick to themselves and not bother with learning about others. I feel as though there can be disagreements or misunderstandings between people of different ethnic or cultural groups, but when they are overcome, they can create a stronger and more connected society. ",TreatmentA-SoftSell
6084,1,0,1,5,3,2,,4,1,3,,1,2,5,1,1,0,1,50,50,50,50,50,50,4,4,4,4,4,4,4,4,4,4,4,4,4,4,4,4,4,4,5,5,4,1,1,5,4,3,3,3,5,The small breed of penguins were discovered and the person who discovered the penguins named the species after his wife Adele they are mainly known for their eyes white rings around a black eye,4,1,1,1,1,3,2,2,1,2,3,3,3,1,3,3,1,3,3,1,1,1,1,It was interesting fact,Control
4867,1,0,1,1,1,7,,2,1,4,,1,4,5,0,0,1,0,90,90,90,90,90,90,1,1,1,1,1,1,4,4,4,4,4,4,2,2,2,2,2,2,1,1,1,1,5,1,3,5,5,2,5,Diversity is a tool to make a richer society and it benefits everyone. ,3,1,1,1,1,2,2,2,1,2,1,2,1,1,1,4,2,4,4,1,1,1,1,,TreatmentC-ProDiversity
1680,1,0,1,7,5,7,,2,1,4,,2,3,5,0,0,1,0,100,100,100,100,100,100,4,4,4,4,4,4,4,4,5,4,4,4,4,2,4,4,4,4,4,2,2,1,2,4,2,1,2,2,5,The text argues that racial diversity is a failed experiment leading to dominance by certain grouped with winners and losers. It claimed that policies aimed at reducing group inequality are ineffective because they overlook biological differences between races and that different lifestyles cant be harmonized. It said that separation through ethno-states would be best to protect each culture and identities. ,2,2,4,1,2,3,2,3,1,4,2,3,4,1,3,2,2,3,4,1,1,1,1,,TreatmentB-HardSell
5442,1,0,1,1,2,7,,1,1,3,,1,4,5,0,0,1,0,100,100,100,100,100,100,1,1,1,1,1,1,1,1,1,1,1,1,1,1,1,1,1,1,3,2,1,1,2,3,2,2,4,3,5,People should live in places with their own ethnicity because they can relate to each other more.,1,2,2,1,1,3,3,2,1,1,2,1,2,1,3,1,1,3,3,1,1,1,1,Some of the questions did not really concern me so I answered the neither option. ,TreatmentB-HardSell
602,1,0,1,2,2,7,,2,1,4,,2,4,5,1,1,0,1,60,100,100,100,100,70,2,2,2,2,2,2,5,4,5,5,5,5,2,1,2,2,2,3,1,1,2,1,2,2,3,2,4,2,5,the key point seemed to be that each distinct group should be segregated from each other so that they can keep their ways of life,1,1,1,1,1,2,1,1,1,3,1,2,1,2,1,4,4,1,2,1,1,1,1,It reflects how policy makers seem to be thinking these days as they are scared of immigrants ,TreatmentA-SoftSell
736,1,1,1,7,4,7,,1,1,5,,4,4,5,0,0,1,0,80,80,70,80,80,70,1,1,4,5,4,1,4,1,5,3,4,5,2,1,5,3,4,2,5,5,2,1,2,2,4,1,1,4,5,"Diversity policies work, immigration flourishes our culture and society.
DEI policies address inequalities",3,5,3,1,4,5,4,4,4,5,2,4,5,1,1,2,1,3,4,3,5,2,2,"It’s an opinion piece, I’d like to see some data to prove the claims made",TreatmentC-ProDiversity
997,1,1,1,5,4,7,,1,1,4,,2,5,5,1,1,0,1,60,60,70,60,60,60,4,4,4,4,3,2,4,4,5,5,3,3,5,3,4,4,5,5,3,2,2,1,2,4,2,2,2,2,5,The summary of the original findings of the penguin species. ,4,2,2,2,2,4,2,2,1,3,2,1,3,2,2,2,2,2,2,4,4,2,2,,Control
843,1,0,1,1,2,7,,2,1,3,,3,5,5,1,1,0,1,100,100,100,100,100,100,1,1,1,1,1,1,1,1,1,1,1,1,1,1,1,1,1,1,1,1,1,1,2,3,2,4,5,1,5,They believe that race issues should just boil down to biology and we should leave it at that and separate people.,2,1,2,1,1,1,1,1,1,1,1,1,1,1,1,1,1,1,1,1,1,1,1,I think it's ridiculous.,TreatmentB-HardSell
1292,1,0,1,5,3,7,,1,1,3,,2,3,5,1,1,0,1,50,50,50,50,50,50,4,4,4,4,4,4,4,4,4,4,4,4,4,4,4,4,4,4,2,4,2,1,2,4,3,1,4,1,5,People struggle for equality,3,1,2,2,2,2,2,1,2,2,2,2,2,1,3,2,2,2,2,3,3,3,3,,TreatmentA-SoftSell
712,1,0,1,7,5,7,,3,1,4,,2,5,3,1,0,0,0,100,100,100,100,100,70,1,1,1,1,1,1,3,2,2,2,1,2,2,1,2,2,2,2,2,2,1,1,1,2,1,2,2,1,5,That immigration is beneficial because it aids in diversity. I read really fast so I’m not sure how accurate it will be. ,3,1,1,1,1,4,2,1,1,1,1,1,1,1,2,3,2,2,3,1,1,1,1,I agree with it and the more I learn in class about political science the more my personal opinions and understandings change. Although I identify myself as strong republican I still advocate for diversity of people and culture. Diversity in the workplace especially leads to better performance. My only concern is with illegal immigration’. ,TreatmentC-ProDiversity
785,1,0,1,4,2,3,,5,1,3,,3,4,5,1,1,1,1,80,100,100,100,100,100,1,1,2,3,1,1,4,4,4,5,1,3,3,1,5,5,5,5,1,1,1,1,2,3,2,1,5,5,5,a man named the adelis penguins after his wife adele. they are 28 inches tall and weigh anywhere between 6 and 18lbs! They have black heads,4,1,1,1,1,1,3,2,1,1,1,1,1,1,1,4,5,4,3,1,1,2,2,shocked. especially when asked how warm or cold i felt towards different ethnic groups,Control
830,1,1,1,1,1,7,,3,0,,3,1,1,5,0,0,0,1,90,80,90,20,90,100,1,1,1,5,2,1,2,2,2,7,2,2,3,3,3,5,3,3,1,2,1,3,2,4,2,2,2,1,5,"Racial diversity policies are failures.
Races are unequal as well as affiliated lifestyles.
Inequality of races are explained by biological arguments.",2,1,3,1,1,2,1,2,1,2,1,1,1,1,1,2,1,1,3,1,1,1,1,,TreatmentB-HardSell
875,1,1,1,5,4,7,,2,1,4,,4,4,5,0,1,0,0,60,50,30,70,50,50,4,4,5,5,4,3,3,2,5,3,2,5,2,4,6,3,3,5,4,4,1,1,4,1,2,4,1,2,3,"The person who discovered the Adeleie penguins named them after his wife, Adele. They are the smallest penguins, and have all black faces with some white feathers on their bellies. They have all white eyes around a black iris.",4,3,2,2,3,4,4,3,1,2,2,2,3,1,2,2,3,4,3,1,1,1,1,,Control
541,1,0,1,1,1,7,,1,1,2,,1,2,5,0,0,0,0,100,100,100,100,100,100,2,2,2,3,2,2,2,2,2,3,2,2,2,2,2,3,2,2,2,2,1,1,2,3,2,1,2,3,5,Society is better of integrated with all communities and we can learn from each others differences.,3,1,1,1,1,1,2,2,1,1,2,2,1,1,1,2,2,2,2,1,1,1,1,,TreatmentC-ProDiversity
756,1,1,1,6,5,7,,1,1,4,,3,2,5,0,0,0,0,100,100,100,100,100,80,1,1,1,1,1,1,1,1,1,1,1,5,1,1,1,1,2,5,4,2,4,1,2,4,3,4,5,3,5,Different races gravitate towards different specializations. Policies to create equality just create more inequality as they ignore this fact. Not talking about this due to racism is ignorant,1,4,1,2,1,3,4,4,2,5,1,3,3,2,1,5,5,2,3,3,3,3,3,I think that there is a difference between racial and cultural differences. A son might be inspired to do a similar job as his parents not because of his race but because of the culture he grew up in a what is seen as “good” job. If there is an effect it has everything to do with culture and nothing to do with the color of an individuals skin. ,TreatmentA-SoftSell
1432,1,1,1,3,3,7,,3,1,5,,2,1,5,0,0,0,0,60,70,90,80,50,70,2,1,3,3,3,1,3,3,4,3,3,4,1,1,1,1,1,1,5,3,3,1,3,2,2,1,3,4,5,I thought the paragraph was a bit conflicting. It definitely implied that the project of racism has failed and disregards the biological differences between races.,3,1,3,1,1,4,3,2,2,2,2,3,2,3,3,5,3,1,2,3,4,4,3,"I remember being very conflicted. I often feel that the discussion of racist topics is often too taboo. I have a desire to learn more about other cultures and participate in some of their cultural practices, which can be deemed as racist. I'm expected to understand what is racist and what isn't without being able to talk to anyone or understand how people feel abour specific questions",TreatmentB-HardSell
872,1,0,1,1,1,3,,5,1,5,,2,4,5,0,1,0,0,70,60,90,40,100,80,2,3,1,5,3,1,1,1,2,3,1,1,3,1,3,4,4,2,1,2,1,1,1,4,3,4,4,4,5,A species of Penguin was discovered and named after the discoverer’s wife. They are pretty small and a cartoon character was fashioned after them.,4,1,1,1,1,2,3,1,1,3,2,2,1,2,1,4,3,2,2,1,1,1,1,"If this is about the penguins, I genuinely said, “what the hell does this have to do with penguins.” But go on, get your research! LOL",Control
2212,1,1,1,1,1,2,,3,1,4,,2,4,5,1,0,0,0,70,70,90,70,70,80,3,1,4,4,5,2,3,1,3,3,3,3,2,1,4,4,5,4,2,3,2,1,2,2,2,4,5,2,5,"I agree that different groups might have different cultures that might lead to different results, but segregation only makes polarization worse. We're a melting pot for a reason.",2,1,1,1,1,4,2,1,1,4,2,3,2,1,3,4,2,3,1,1,1,1,1,,TreatmentA-SoftSell
436,1,1,1,6,4,7,,1,1,3,,2,4,5,0,1,0,1,50,50,50,50,50,50,4,4,4,4,4,4,4,4,4,4,4,4,4,4,4,4,4,4,5,4,4,1,3,4,3,2,3,2,5,Racial differences and the structure of the US,3,3,2,2,3,3,3,3,3,3,3,2,3,2,2,3,3,3,3,1,1,1,4,,TreatmentC-ProDiversity
2401,1,0,1,3,2,7,,1,1,2,,2,4,5,0,0,0,0,80,90,80,90,100,100,1,1,1,5,1,1,1,1,1,5,1,1,1,1,1,5,1,1,1,1,1,1,4,2,2,2,4,3,5,"'- Immigration harms our country and economy through efforts to implement them into our society. 
- People of different races and ethnicities naturally gravitate towards different careers, thus it makes no sense and harms us by trying to correct this ""natural"" and ""inevitable"" response, in the sake of equality. 
- People of different races, ethnicities, and cultures should stay within their own group in order to reduce wasted efforts and increase utility.",1,1,1,1,1,1,1,1,1,1,1,1,1,1,1,1,1,1,3,1,1,1,1,"I was initially shocked, but I understand where it's coming from, though I strongly disagree with the sentiment. I think there's confusion as to (a) who hinders progress in this country (hint: it's not those asking for human rights, living wages, benefits, etc. - the working class and POC/Immigrants) and (b) the goal of unity. There's nothing wrong with striving for unity and it does not equate to uniformity. The whole purpose and idea is that people of different backgrounds and beliefs can come together, despite and in the name of their differences. ",TreatmentA-SoftSell
1304,1,1,1,2,1,7,,1,1,2,,2,2,5,0,0,0,0,70,70,80,20,70,70,4,4,4,5,4,2,4,4,4,5,4,4,3,3,3,4,3,3,1,1,1,1,4,4,2,2,5,2,5,"Adele Penguins are the smallest penguins in the Arctic at a little over two feet tall. They have dominantly black features like a black coat except for a white belly, and stark black eyes outlined in white. ",4,1,1,1,1,2,1,2,1,2,1,1,1,1,1,1,1,1,1,1,1,1,1,"I was kinda just surprised by the topic matter. I didn't expect just a short factual statement about small penguins. I anticipated more direct statements and topic matter on racial tension and other issues. I'm somewhat proud to be an American specifically because of the beauty of a multiracial, multicultural society.",Control
68962,1,1,1,5,3,2,,3,0,,5,2,2,5,0,0,0,0,90,100,80,90,80,100,3,1,4,4,4,2,2,2,2,3,3,2,2,2,2,2,2,2,2,2,2,1,2,4,3,2,4,2,5,Diversity helps us learn about different lifestyles and promotes overall equality.,3,2,1,1,2,1,1,1,1,3,1,3,1,1,1,4,3,3,2,1,1,1,1,"Diversity certainly matters, while increasing diversity does not directly lead to equity and equality. We shall emphasize respect and cooperation at the same time.",TreatmentC-ProDiversity
4385,1,1,1,3,1,4,,4,1,3,,2,4,5,1,0,0,0,100,100,100,70,100,100,1,1,1,2,1,1,1,1,1,1,1,1,1,1,1,1,1,1,1,3,1,1,2,2,3,2,4,4,5,It's saying that racial diversity in America has failed because there always be a constant fight for who are winners or losers in the POC community and that racism is basically part of an important discussion of superiority of certain groups. ,1,2,1,2,2,2,2,3,2,2,2,3,2,1,2,2,2,2,2,2,4,2,2,I feel like the reading made it seem like we are more divided than we actually are in the POC community and there definitely is a hierarchy among the different communities but its a hierarchical systems put against us and to separate/alienate us from each other. I feel like a lot of POC go through the same struggles in the this country even if we have all distinct customs and culture.,TreatmentB-HardSell
92411,1,0,1,1,2,7,,3,1,3,,1,4,5,0,0,1,0,50,50,70,70,50,50,5,4,6,3,4,5,5,4,5,3,4,5,4,4,5,3,3,5,4,2,3,1,2,2,2,2,4,2,5,"People should live with ""their own kind"" and people also have certain skills that others don't have",1,2,2,1,1,4,1,1,1,2,2,1,1,1,2,1,1,1,2,1,5,1,1,,TreatmentA-SoftSell
878,1,0,1,1,2,7,,1,1,3,,4,4,5,0,0,0,0,80,80,80,80,80,80,2,2,2,2,2,2,2,2,2,2,2,2,3,3,3,3,3,3,1,1,1,1,1,3,2,2,1,2,5,Different races have different sets of skills and conversations about that should not be considered racism. We should live in groups with our own race that have the same set of skills as us. ,1,1,2,2,1,1,1,1,1,1,1,1,1,1,1,4,2,1,1,1,1,1,1,I think it is crazy to think people of different races should stick to themselves and be separate. ,TreatmentA-SoftSell
3023,1,0,1,1,1,7,,1,1,3,,2,5,5,0,0,0,0,100,100,100,100,100,100,1,1,1,1,1,1,1,1,1,1,1,1,2,2,2,2,2,2,1,1,1,1,2,2,2,3,4,2,4,"Generally, the commentary argues that diversity is an unrealistic and/or unattractive goal, and that we would be better off if we were to live in distinct ethno-states. ",1,2,1,2,1,1,1,2,1,1,2,1,2,1,1,2,1,2,1,1,1,1,1,"I personally believe that advocating for ethno-states and the creation of these states would ultimately harm humanity. We ought to promote diversity of both culture and thought, and this would entirely eliminate the possibility of this. Democracy is improved by the existence of many different peoples and ideas, and without this, it only represents the needs of a relatively specific group of people; naturally, this is not ideal, and not beneficial for society as a whole. ",TreatmentB-HardSell
95598,1,1,1,5,3,7,,1,1,3,,2,5,5,1,1,0,1,70,70,70,70,70,70,3,1,3,3,2,2,3,2,4,4,3,4,2,1,4,3,3,5,2,2,1,1,3,5,3,4,4,2,5,The key point is that diversity is good because we can learn about there cultures and other things about their lives. They also say immigration is good because it brings in diversity.,3,1,1,1,1,5,3,1,1,1,1,3,2,1,3,2,1,2,3,4,2,4,4,I agreed that diversity can lead to equality.,TreatmentC-ProDiversity
437,1,0,1,3,2,7,,1,1,3,,3,4,5,0,1,0,0,50,50,50,50,50,50,4,4,4,4,4,2,4,4,4,4,4,4,4,4,4,4,4,4,2,4,1,1,3,4,4,1,4,1,5,A French explorer found the Adele Penguins and named them after his wife. They are the smallest species of penguins and resemble the cartoon character Pingu.,4,1,1,1,1,2,2,1,1,1,2,2,2,1,1,1,4,2,3,1,1,1,5,,Control
733,1,0,1,1,1,7,,1,1,2,,3,4,5,0,0,0,0,90,90,90,70,100,100,2,2,2,3,2,1,2,1,2,2,1,2,1,1,1,1,1,1,1,1,1,1,4,5,2,3,5,2,5,"'- diversity is beneficial for society 
- a lot can be learned by embracing diversity and interacting with those from different backgrounds
- when we fail to embrace diversity, it will negatively impact society ",3,1,1,1,1,2,1,1,1,2,1,1,1,1,1,1,1,1,1,1,1,1,1,I strongly agree with everything that was said!,TreatmentC-ProDiversity
779,1,1,1,4,3,8,White/Asian,1,1,3,,1,3,5,0,0,0,1,50,50,50,50,50,50,3,1,4,4,4,2,5,3,6,4,4,3,4,2,4,4,4,4,4,3,3,1,1,4,2,3,2,1,5,That immigration will continue and there would be less division within the country if different ethnic groups stayed within their groups rather than assimilating.,1,3,2,2,1,1,2,2,1,4,3,3,3,2,3,2,2,3,2,1,1,1,1,,TreatmentA-SoftSell
530,1,1,1,3,2,7,,3,1,2,,2,3,5,0,0,0,0,50,50,50,50,50,50,4,4,4,4,4,4,4,4,4,4,4,4,4,4,4,4,4,4,1,2,2,1,2,2,2,2,5,1,4,"An explorer discovered the Adelie penguins, who later served as the inspiration for the cartoon character Pingoo",4,2,1,1,1,3,2,2,1,2,2,1,2,1,2,2,2,5,3,4,4,3,2,I think penguins are cool,Control
113,0,0,1,1,1,7,,2,1,3,,1,2,5,,,,,,,,,,,,,,,,,,,,,,,,,,,,,,,,,,,,,,,,,,,,,,,,,,,,,,,,,,,,,,,,,
156,0,0,1,4,1,7,,1,1,4,,3,4,5,,,,,,,,,,,,,,,,,,,,,,,,,,,,,,,,,,,,,,,,,,,,,,,,,,,,,,,,,,,,,,,,,
765,0,1,1,3,3,4,,4,1,4,,5,5,5,0,0,1,0,30,60,90,100,50,90,2,1,6,5,1,1,6,5,6,5,1,2,3,1,5,1,1,5,1,3,1,1,2,4,2,3,3,2,5,,,,,,,,,,,,,,,,,,,,,,,,,,TreatmentA-SoftSell
520,0,0,1,3,3,7,,4,1,5,,3,4,5,0,0,1,0,80,100,100,100,100,80,2,2,2,2,2,2,3,3,3,3,3,3,2,2,3,3,2,3,1,1,1,1,3,5,2,2,4,1,5,,,,,,,,,,,,,,,,,,,,,,,,,,TreatmentA-SoftSell
816,1,0,1,3,3,7,,2,1,5,,3,4,5,1,1,0,0,40,100,100,100,100,100,3,1,2,4,3,3,4,4,4,4,4,4,4,4,4,4,4,4,2,3,1,1,2,2,1,1,4,4,5,"A man named a species of penguins after his wife Adele, they are small penguins weighing somewhere around 6-18 pounds. They are known for their eyes. ",4,3,1,2,1,3,4,2,1,2,1,3,2,3,3,4,2,2,4,1,1,1,1,,Control
8997,0,1,1,3,3,3,,5,1,5,,3,3,5,1,1,0,1,20,20,80,50,10,40,,,,,,,,,,,,,,,,,,,,,,,,,,,,,,,,,,,,,,,,,,,,,,,,,,,,,,,
606,1,0,1,3,3,7,,1,1,3,,2,2,5,0,1,0,0,80,100,100,100,100,90,1,1,1,1,1,1,1,1,1,1,1,1,1,1,1,1,1,1,2,2,4,1,4,5,4,4,2,3,5,"Inherently, there are differences amongst people of different races. Therefore, races should group together because of their shared understandings and culture. ",2,1,1,1,1,2,4,2,2,2,2,2,4,1,2,4,2,1,1,2,1,1,1,,TreatmentA-SoftSell
5214,0,0,1,2,2,7,,1,1,2,,1,4,5,,,,,,,,,,,,,,,,,,,,,,,,,,,,,,,,,,,,,,,,,,,,,,,,,,,,,,,,,,,,,,,,,
479,0,0,1,2,2,2,,4,1,3,,1,5,5,1,1,0,0,100,100,80,20,100,100,1,1,4,7,1,1,2,1,4,5,1,2,,,,,,,,,,,,,,,,,,,,,,,,,,,,,,,,,,,,,,,,,,,
1691,1,0,1,2,2,2,,5,0,,5,2,3,5,1,1,0,0,80,90,80,40,90,100,1,1,4,4,4,2,4,5,5,5,3,5,1,1,2,2,3,2,1,1,2,1,3,3,2,3,4,3,5,"As the country develops, people will have more opportunities for racial equality, creating a more inclusive environment for everyone.",3,1,1,1,1,2,2,1,1,2,1,2,1,1,2,1,2,2,5,1,2,1,5,,TreatmentC-ProDiversity
507,1,1,1,4,3,7,,2,1,3,,2,4,5,1,1,0,0,90,90,90,90,90,90,2,2,2,2,2,2,5,3,5,3,3,5,3,3,3,3,3,3,1,1,1,1,2,4,4,2,4,2,5,"policies put into place to address racial inequality actually just end up making the gap between opportunities for people of certain races larger, having an adverse effect.",3,1,1,1,1,5,2,1,1,2,1,1,1,1,1,3,2,2,2,2,2,2,2,,TreatmentB-HardSell
933,1,0,1,1,2,7,,1,1,3,,2,2,5,0,0,0,0,100,100,100,100,100,100,2,2,2,2,2,2,2,2,2,3,2,2,3,2,3,3,3,3,2,1,1,1,2,1,2,2,2,2,5,Adélie penguins were discovered by a French explorer and were named after his wife and are the smallest species of penguins in the Antarctic. They are black with white feathers on their stomach and around their eyes.,4,1,1,1,1,2,1,1,1,1,1,2,1,1,1,1,4,1,2,1,1,1,1,I thought it was nice the explorer named the penguins after his wife.,Control
814,1,0,1,1,1,7,,3,1,1,,1,2,5,0,0,0,0,100,100,100,40,100,100,3,3,3,4,3,1,3,4,3,4,3,3,4,4,4,4,4,4,2,1,1,1,1,3,2,4,5,4,4,"Racial diversity and immigration enrich the culture of the United States, making us a more fair society with all the opportunities and experiences coming from different cultures.",3,2,1,1,1,1,2,2,1,1,1,1,1,1,2,2,5,2,3,1,1,1,1,I don’t understand why more people don’t think like this. ,TreatmentC-ProDiversity
831,1,1,1,1,2,7,,2,1,3,,3,4,5,0,0,0,0,100,100,100,100,100,100,3,2,3,3,3,1,2,2,5,5,2,2,3,2,4,5,5,5,1,1,2,1,3,4,2,3,4,1,5,This commentary talks about how diversity is essentially overrated and how policies meant to enhance diversity may actually limit equality.,1,1,1,1,1,3,2,1,1,1,1,2,2,1,2,2,2,3,3,2,1,2,1,,TreatmentA-SoftSell
108115,0,1,1,3,2,7,,2,1,4,,1,3,5,0,0,0,0,50,50,60,60,50,60,4,3,4,4,4,3,,,,,,,,,,,,,,,,,,,,,,,,,,,,,,,,,,,,,,,,,,,,,,,,,
548,1,0,1,5,3,7,,2,1,4,,3,4,5,0,1,1,0,80,90,90,90,90,50,3,2,3,2,2,3,4,2,3,2,2,5,3,2,3,2,2,3,3,4,1,1,3,3,3,4,3,3,5,It talked about immigration and how everyone should live in their own entho-state to protect themselves and their cultures. ,2,2,3,2,3,4,3,3,2,4,4,4,4,1,3,4,3,3,4,2,3,4,4,,TreatmentB-HardSell
752,1,1,1,6,4,7,,2,1,4,,2,2,5,1,0,0,0,70,70,70,70,70,70,4,4,4,4,4,4,4,2,6,2,2,4,4,4,4,4,4,4,2,4,3,1,2,2,2,1,1,1,5,I dont remember,3,4,3,1,2,3,2,1,1,1,3,1,3,2,2,2,2,3,3,1,1,1,1,,TreatmentC-ProDiversity
410,1,1,1,7,5,7,,3,1,5,,2,4,5,1,1,1,1,50,60,70,90,100,60,2,2,6,6,2,2,5,2,6,5,2,2,1,3,5,2,3,2,5,4,4,1,3,3,2,1,1,1,5,Important of race,1,4,4,3,2,5,2,3,2,4,3,3,2,1,2,3,2,3,4,3,3,4,3,,Control
2636,1,1,1,4,1,7,,1,1,3,,1,2,5,0,0,0,0,100,100,100,100,100,100,1,1,1,1,1,1,1,1,1,1,1,1,1,1,1,1,1,1,1,1,1,1,2,4,2,2,2,4,2,"That racial, ethnic, and or cultural diversity is not admirable achievement, and it is in fact counterproductive for a society or country. That countries and societies should be racially and culturally homogenous and that categorizing that as racism is unfair. That racial diversity is at odds with equality.",1,1,1,5,1,2,4,1,1,1,2,1,1,1,1,1,1,1,1,1,1,1,1,"I thought it was a palatable, intellectualized, diluted form of racism. Using political speak and scholarly jargon to defend racism and advocate for ethnic, racial, and cultural unity which would have an outsized negative impact on communities of color.",TreatmentA-SoftSell
405,0,0,1,3,2,7,,1,1,1,,1,2,5,1,0,0,0,50,50,50,50,50,50,2,1,2,6,2,4,4,4,4,5,4,4,1,1,1,5,1,1,1,1,1,3,2,4,2,2,4,4,5,,,,,,,,,,,,,,,,,,,,,,,,,,TreatmentB-HardSell
28951,1,0,1,2,2,7,,1,1,3,,2,4,5,0,0,0,0,100,100,100,100,100,100,4,4,4,4,4,4,4,4,4,4,4,4,4,4,4,4,4,4,1,3,2,1,1,3,1,3,3,1,5,"The commentator is very critical of diversity, feeling it would be better if society was homogenous. They believe that increased diversity dilutes culture and is against open immigration policies. ",2,1,1,1,1,1,2,1,1,1,1,1,2,1,3,3,3,1,3,1,1,1,1,,TreatmentB-HardSell
318414,0,0,1,1,1,7,,2,1,3,,2,2,5,0,0,0,0,70,80,90,10,80,80,1,1,1,4,1,1,,,,,,,,,,,,,,,,,,,,,,,,,,,,,,,,,,,,,,,,,,,,,,,,,
952,1,0,1,4,1,8,Native American and Latino/ Hispanic,5,1,3,,2,5,5,1,0,0,0,100,100,100,60,100,100,1,1,4,2,1,1,1,1,1,3,1,1,1,1,1,1,1,1,1,1,1,1,2,4,3,1,3,5,5,Essentially what I read was a commentary about the belief held that racial domination has become an issue as every race has different strengths and weaknesses and they tend to gravitate towards other traits and jobs. Due to this held belief the commentator believes that immigrants and racial diversity is making this country worse due to the tension raised by in and out groups. ,1,1,2,1,1,3,1,3,1,1,1,1,1,1,2,4,2,2,1,1,3,2,1,,TreatmentA-SoftSell
199578,1,1,1,4,3,7,,3,1,5,,1,5,5,0,0,1,0,100,100,100,100,100,100,1,2,2,2,2,1,3,1,4,4,3,1,1,1,1,1,1,1,1,2,1,1,1,3,2,2,4,2,5,I read where the penguins were discovered and how they got their name. I read about them being described and what makes them stand out. ,4,5,1,1,1,2,1,1,1,1,1,2,1,1,1,2,2,1,1,2,1,1,2,I read it and found multiple ways to interpret it.,Control
105554,1,0,1,2,2,2,,3,1,4,,1,4,5,0,0,0,0,50,70,60,80,60,70,4,4,4,4,4,4,4,4,4,4,4,4,4,4,4,4,4,4,2,4,2,1,3,2,3,3,4,3,5,the inconsistencies between different races.,1,2,1,2,2,3,2,2,2,2,2,2,2,2,2,4,3,3,3,2,2,2,4,,TreatmentB-HardSell
608,1,0,1,1,1,7,,2,1,2,,1,2,5,0,1,0,0,60,60,60,60,60,60,3,3,3,3,3,2,2,2,2,2,2,2,3,3,3,3,3,3,1,2,2,1,1,4,2,3,5,2,5,Policies increasing racial diversity benefit the country as a whole. All groups of people have something different to bring to the table.,3,1,2,2,1,2,1,3,1,1,2,1,1,1,2,4,2,2,3,1,1,1,1,I agreed with it,TreatmentC-ProDiversity
908,1,0,1,3,3,7,,2,1,4,,2,5,5,0,0,0,1,80,90,90,90,90,90,2,1,5,5,4,2,4,4,5,4,4,5,3,1,5,5,4,6,3,2,2,1,2,2,1,5,3,2,5,The commentary basically included that the ideal society is one where racial diversity/diversity in general is flourishing. It is one where equal opportunities are pursued by all for the greater good. ,3,1,1,1,1,4,4,1,1,1,1,5,2,2,1,4,3,3,4,1,1,1,1,,TreatmentC-ProDiversity
1145,1,0,1,1,2,7,,2,1,3,,1,2,5,0,0,0,0,90,90,80,70,90,80,2,2,3,3,3,2,3,1,3,2,1,2,2,1,3,3,2,2,1,2,2,1,2,3,2,1,4,4,4,"There is a hierarchy of racial groups, with some inferior to others. There are also biological differences between the groups. There should be separate ethno-states for the different racial groups.",2,1,1,1,1,1,1,2,2,2,1,2,1,3,1,4,4,2,3,1,1,1,1,"My first thought, pardon my language, was what the fuck, followed by what the fuck am I reading. Reading it made me angry because it's just not true. There are no biological differences between races, it's just a difference in the amount of melatonin someone has. It was aggravating to read.",TreatmentB-HardSell
1303,1,0,1,1,2,8,Indian,4,1,4,,2,2,5,1,0,0,0,90,90,80,80,90,100,3,3,3,4,3,2,4,3,4,4,4,4,3,3,3,3,3,3,2,1,1,1,2,3,2,2,1,4,5,"A Frenchman discovered a species of penguins and named them after his wife. The penguins are characterized by their black bodies, white bellies, and the white ring around their dark irises in their eyes.",4,1,3,1,1,2,1,1,1,2,1,2,3,2,2,4,2,3,2,5,2,1,1,"The commentary seemed largely objective, so I had little to no reaction to it. ",Control
2724,1,1,1,3,2,7,,1,1,3,,1,4,5,1,0,0,0,90,90,90,90,90,90,2,1,3,2,2,1,2,1,2,2,1,1,3,1,3,2,3,3,1,1,1,1,2,4,4,3,4,1,5,"There is a battle going on and it involves race and the struggles each race fair, specifically how some races are put at a greater disadvantage. ",3,2,1,1,1,3,1,1,1,1,1,1,1,1,1,1,1,1,2,1,1,2,1,"I didn't react in a specific kind of way, I am educated on the topics many of these questions are asking about and have my strong personal options already.",TreatmentA-SoftSell
920,1,1,1,7,5,7,,3,1,5,,4,4,5,0,1,0,1,40,60,50,80,50,20,4,3,4,3,3,6,5,3,5,3,4,6,4,2,4,3,4,5,3,4,4,1,2,4,2,1,2,4,5,Diversity enriches the life of everyone. Providing the same opportunities for all makes our society stronger. ,3,4,3,2,2,4,4,3,2,5,4,4,4,3,3,4,4,4,3,4,4,4,4,,TreatmentC-ProDiversity
416,1,1,1,5,4,7,,1,1,3,,3,4,5,1,0,1,0,100,100,100,100,100,100,7,7,7,7,7,7,1,1,1,1,1,1,1,1,1,1,1,1,4,3,2,1,2,2,2,3,4,3,5,"I read about the smallest penguin type in the Antarctic, and what they look like.",4,3,3,2,1,2,2,2,2,3,2,2,3,2,2,2,2,2,2,2,2,2,2,,Control
838,1,0,1,5,4,7,,3,1,4,,2,4,5,1,1,1,0,80,80,80,80,80,60,2,2,2,2,2,2,2,2,2,2,2,3,2,2,2,2,2,2,3,3,3,1,4,2,2,1,2,1,5,Diversity is going to continue and that focusing on racism is not helping. If people want to conserve their culture they should stay in their own group.,2,1,1,1,1,2,3,2,1,2,2,1,2,2,2,2,1,2,3,1,1,2,1,I think some of the questions should have been more specific such as the immigrant ones. ,TreatmentB-HardSell
4428,1,1,1,4,1,3,,5,0,,1,1,2,5,1,1,0,0,50,50,100,50,50,50,1,3,1,3,1,1,1,3,1,3,1,1,3,1,2,2,4,4,1,1,1,1,2,2,1,4,5,5,5,"Increasing racial diversity has led to group domination – where one group dominates over all the others – because of racial groups tendencies to participate in differing activities/professions. Because of this, groups should live and stay to themselves and strive in the main sector of whatever the racial group chooses.",1,1,1,1,1,5,4,1,1,1,1,1,1,1,1,4,1,4,2,1,1,1,1,"I think that the idea that different racial groups have tendencies toward different things is very true, but I don't find that to be a reasonable justification for essentially segregating racial groups because of that. I'm not going to pretend as if I have an adequate answer to solve this – I don't have the sociological or economic background to effectively give an answer – but I think one of the hallmarks of America is the melting pot that is American culture, and moving toward homogeneity irreversibly damages said culture. I think the effective solution lies somewhere in finding a way to extend opportunities that certain racial group(s) have to others that don't – maybe DEI, maybe Affirmative Action, I'm not sure exactly what the solution is – but I think ideas like those provide a good framework for the eventual solution.",TreatmentA-SoftSell
907,1,1,1,4,4,7,,3,1,5,,1,2,5,1,0,1,0,50,50,60,40,50,50,3,3,3,3,3,2,5,2,5,5,6,4,4,4,4,4,4,4,4,3,2,1,2,5,4,1,2,1,5,The key points of the commentary were distinctions between two different species of penguin with particular attention to characteristics in their eyes.,4,1,1,1,1,1,1,3,1,4,2,1,1,1,1,2,1,2,2,2,2,2,2,I didn’t really have one. I genuinely read it as biographical information about penguins.,Control
674,1,0,1,5,3,7,,2,1,4,,3,2,4,0,1,0,0,20,80,60,90,90,20,4,2,5,4,4,2,5,2,6,4,2,5,4,2,5,4,3,5,2,2,2,1,1,2,1,4,4,3,5,The key points I believe were that people will push back against diversity and try to make immigrants blend in so the best way to handle this is to separate into the diversity groups to continue the culture and cherish diversity,1,2,1,1,1,1,2,2,1,4,2,2,2,2,3,2,2,4,4,2,2,2,2,,TreatmentA-SoftSell
960,1,0,1,4,1,5,,5,1,5,,2,5,5,0,1,0,0,100,100,100,100,100,100,1,1,1,1,1,1,1,1,1,1,1,1,1,1,1,1,1,1,1,1,2,1,2,2,3,1,1,1,5,Diversity in a society allows for better articulated political views that reflect society,3,3,3,1,1,2,1,1,1,1,1,1,1,1,2,1,1,1,1,3,3,3,3,I agreed with it,TreatmentC-ProDiversity
569,1,0,1,4,2,7,,2,1,3,,1,1,5,0,0,0,0,100,100,100,100,100,100,1,1,1,1,1,1,1,1,1,1,1,1,1,1,1,1,1,1,2,2,2,1,2,2,3,1,2,4,5,The writer thinks that diversity didn’t end up going well,3,1,2,1,1,4,1,2,1,2,1,2,3,1,3,1,1,1,3,1,1,1,1,,TreatmentB-HardSell
480,1,0,1,3,2,7,,2,1,4,,3,4,5,1,0,0,0,50,50,50,50,50,40,4,4,4,4,4,4,5,4,4,5,4,4,4,4,4,4,4,4,1,3,2,1,1,1,2,1,2,2,5,about how a small penguins name came to be and the coloring of it. ,4,3,1,1,2,2,2,3,1,2,2,2,2,1,3,2,1,3,3,3,3,4,4,I personally was not entirely phased by it and just found it to be more interesting than anything. ,Control
876,1,0,1,6,4,7,,2,1,5,,2,4,5,0,1,1,0,50,50,80,100,80,50,1,1,1,1,1,1,4,4,4,4,4,4,3,3,4,3,3,4,1,1,1,1,2,1,1,4,5,2,5,The key points of the commentary were that we should focus on being inclusive and fostering togetherness as a country. It is better to have a lot of diversity because it brings us closer together and we can learn about other cultures. ,3,1,1,1,1,1,2,1,1,1,1,1,1,1,1,1,5,1,2,4,4,4,4,"I was unsure how to answer the last couple of questions about immigrants because of whether or not they were considered illegal. If they were illegal immigrants then my answers hold true, but if they were immigrants who came here legally then my answers would be different. Otherwise, I don't have any further commentary on the other questions. ",TreatmentC-ProDiversity
521,1,1,1,1,1,7,,2,1,3,,1,1,5,0,0,0,0,50,50,50,40,50,60,4,4,4,4,4,3,4,4,4,4,4,3,4,4,4,4,4,4,1,1,1,1,3,3,2,1,2,1,5,"While diversity will continue to increase due to immigration, some people have different cultures and ways of life that incline them towards different outcomes and behaviors, and some ways of life weaken our culture and are irreconcilable, and people are better off living within their own in-groups and cultures with their own ways of life.",1,1,1,1,1,2,4,3,2,2,2,1,1,1,1,1,1,1,1,1,1,1,1,"I thought it was clearly racist and while it might have had something interesting to say about the nuances of diversity in the beginning, it totally gave itself away at the end when it said people were better off living amongst their own people and used the phrase ""our culture"".",TreatmentA-SoftSell
528,1,0,1,3,3,7,,2,1,4,,2,4,5,0,0,0,0,80,80,80,80,80,70,3,3,3,3,2,1,5,3,3,3,2,5,2,1,5,3,3,3,2,2,1,1,3,2,3,4,5,1,5,political states should only be made up of people of one race.,2,1,1,2,1,2,3,2,1,4,2,2,1,2,2,3,2,3,4,2,2,2,2,I thought it was kind of ignorant.,TreatmentB-HardSell
704,1,0,1,1,2,7,,3,1,3,,1,5,5,0,0,0,0,100,100,100,80,100,100,1,1,1,2,1,1,1,1,1,6,1,1,1,1,1,5,1,1,1,1,1,1,1,1,2,5,5,4,5,"They believe that races should live in separate factions. The statement seems to promote scientific racism, as they believe there are biological differences between races. They also believe that ""others"", probably meaning immigrants are replacing Americans.  ",2,4,5,1,1,1,1,1,1,1,1,1,1,1,1,1,2,1,1,1,1,1,1,,TreatmentB-HardSell
15773,1,0,1,1,2,7,,2,1,2,,1,5,5,0,0,0,0,100,100,100,100,100,100,4,4,4,4,4,4,4,1,4,4,4,5,4,4,4,4,4,4,2,1,1,1,2,3,2,4,5,4,5,Policies are put into place to bridge the gap between racial inequalities and make opportunities available to everyone. ,3,1,3,1,1,4,3,1,1,3,1,1,1,1,1,2,2,2,4,1,5,1,1,,TreatmentC-ProDiversity
1104,1,1,1,4,2,7,,2,1,4,,1,4,5,0,0,0,0,100,100,100,60,100,100,2,2,2,5,4,1,3,4,6,5,4,4,2,2,5,5,6,5,2,3,5,1,2,3,2,2,4,1,5,"A French explorer discovered a new species of penguins and named them after his wife. The penguins had a black head, back and throat with snow-like white feathers on their stomach. Their eyes had a black iris surrounded by a white ring. ",4,2,1,1,1,2,1,1,1,1,1,1,1,1,1,3,4,2,3,1,1,1,1,"I thought it was simply about penguins although given the context of this survey I felt there could have been underlying narratives at play. After I read the commentary, I thought there could've been a theme of imperialism or cultural appropriation, but nothing really stood out to me. ",Control
882,1,1,1,2,2,7,,1,1,2,,2,3,5,0,0,0,0,90,90,90,80,80,80,3,2,3,4,3,1,4,3,4,4,3,4,3,3,4,4,4,4,1,2,2,1,1,2,2,4,4,1,5,The commentator seemed to feel that diversity is a weakness and that different cultural groups are better left separate and that voicing such an opinion would generally be regarded as racism while the commentator thinks it shouldn't be. ,1,2,1,2,1,1,1,2,1,2,2,1,1,1,3,1,2,1,2,1,1,1,1,I felt pretty against what the commentary was advocating for because I feel a larger group of various perspectives and thought processes to be more beneficial then the conflict that may arise from those differences. ,TreatmentA-SoftSell
1305,1,0,1,5,3,7,,1,1,3,,2,5,5,1,0,0,0,50,50,50,50,50,50,2,2,2,2,2,1,2,1,2,3,2,3,4,2,4,4,4,2,4,2,4,1,2,2,2,4,2,2,5,"The Adelie penguins were named after the wife of the man who discovered them. They have fuzzy black feathers and white feathers on their head, like Pengu. They are the smallest penguins.",4,1,1,1,1,3,2,2,1,4,2,2,2,3,2,2,2,4,3,1,1,1,1,,Control
479,1,1,1,5,3,2,,4,1,4,,2,4,5,0,0,1,1,30,50,30,60,40,60,2,2,5,4,4,2,5,2,6,4,3,2,3,2,5,3,3,3,3,4,2,1,4,5,4,4,4,2,5,The author thinks that the mixing of races and cultures is a negative thing. He wants to separate the races and cultures into their own states. He thinks that diversity has caused more issues than non-diversity.,2,2,2,1,1,3,2,2,2,2,2,4,1,2,2,2,3,2,3,1,1,2,1,"I thought it was quite racist and wrong. Cultural diversity is an amazing thing, and mixing is much better than being separate. A fusion of cultures is a beautiful thing, not a bad thing, and racial diversity is fantastic.",TreatmentB-HardSell
619,1,1,1,5,3,7,,1,1,4,,3,4,5,0,0,1,0,50,50,50,50,50,50,4,4,4,4,4,4,4,4,4,4,4,4,4,4,4,4,4,4,4,3,4,1,3,4,2,1,4,3,5,"In this commentary, the writer discussed the topic of diversity in society, where discussion may or may not be needed based on political viewpoints on the subject of if immigrants make an impact.",3,3,3,4,2,4,3,3,2,5,3,3,4,1,3,5,5,4,3,3,3,3,3,N/A,TreatmentA-SoftSell
413,1,0,1,5,4,2,,4,1,4,,2,4,5,1,1,1,0,40,90,50,50,50,90,3,2,4,4,3,1,5,2,5,5,3,2,3,2,4,4,2,2,3,3,3,1,2,2,2,4,4,2,5,"Racial diversity and immigration is beneficial to our country and its goals, not harmful. ",3,2,2,1,1,4,2,1,1,1,1,1,1,1,2,2,2,2,2,3,1,1,2,,TreatmentC-ProDiversity
555,1,1,1,3,2,2,,3,1,3,,3,4,5,0,0,0,0,50,90,80,40,60,70,3,3,3,3,3,3,4,2,3,5,3,4,3,3,3,3,3,3,1,2,1,1,2,2,2,2,3,3,5,We should not focus on assimilation or assuming that people of different racial/ethnic backgrounds will be inclined towards similar lifestyles.,1,3,1,2,1,3,2,2,1,3,2,2,2,1,2,1,1,1,2,2,2,2,2,I hated it.,TreatmentA-SoftSell
814,1,0,1,1,2,3,,5,1,5,,1,4,5,1,0,0,0,70,70,100,60,80,70,2,2,2,2,2,2,3,1,2,4,3,3,2,1,1,3,3,3,1,1,2,1,2,5,3,1,4,4,5,"Essentially this said that people should live in segregated ethno-states to ""preserve their way of life"". This also says that some people are inferior to others and that racial diversity is not helpful to us and is actually harmful",1,1,1,1,1,4,2,1,1,2,1,1,2,1,2,4,2,2,3,2,2,2,2,I think it was abhorrent and denigrates the literal foundation of diversity that our country was founded on.,TreatmentB-HardSell
496,1,0,1,1,2,7,,1,1,2,,2,3,5,0,0,0,0,80,80,80,50,80,80,2,2,2,3,2,1,2,2,2,4,2,2,2,2,2,5,2,2,1,1,1,1,3,1,2,3,4,2,5,"The guy who found the Adelaide penguins named them after his wife
Their most striking feature are their eyes
They have normal penguin coloring (black and white)",4,1,1,1,1,2,2,2,1,1,1,1,1,1,1,1,1,2,3,1,1,1,1,,Control
654,1,0,1,7,4,7,,1,1,5,,1,5,5,0,0,0,0,60,70,70,70,70,50,2,2,3,2,2,2,5,2,5,5,2,5,3,2,3,3,3,3,4,2,2,1,2,3,3,2,3,1,5,"Diversity is important, taking it away is harmful to the creation of new ideas.",3,4,1,1,1,2,1,2,2,4,2,2,2,1,1,2,5,2,4,4,4,1,1,,TreatmentC-ProDiversity
737,1,0,1,3,2,7,,2,1,3,,2,4,5,0,0,0,0,100,100,100,70,100,90,1,1,1,1,1,1,1,1,1,2,1,1,1,1,1,1,1,1,2,2,2,1,4,2,3,4,4,4,5,"A species of penguins named after the founders wife, one of the smallest types, and known for their distinct coloring.",4,1,1,1,1,3,2,1,1,3,1,1,1,1,1,2,3,1,1,2,1,1,2,,Control
14285,1,1,1,3,2,8,Asian and Middle Eastern,4,1,3,,1,4,5,0,0,0,0,100,100,90,40,90,100,3,4,3,4,4,2,4,4,4,4,4,3,3,3,3,3,3,3,1,1,1,1,2,4,3,2,2,4,5,Racial diversity overall improves the livelihood of America by introducing other cultures separate from our own. Immigration will increase racial diversity by importing other cultures and experiences.,3,1,1,1,2,4,2,1,1,2,1,1,1,1,1,1,3,1,1,1,1,1,1,I want to meet the Americans who got the obvious questions wrong.,TreatmentC-ProDiversity
1254,1,0,1,2,1,7,,3,1,2,,1,2,5,0,1,0,0,100,100,100,90,100,100,4,4,4,4,4,4,4,4,4,5,4,3,4,4,4,4,4,4,1,1,1,1,2,2,2,1,4,1,5,"It seemed like it was stating different stances on immigration and diversity, but of diverging opinions. Some sentences appeared to support immigration as a means of promoting diversity, whereas others stated that it was best to isolate within prescriptive social groups. ",1,2,2,1,1,1,2,1,1,2,1,1,1,1,1,2,1,1,1,1,1,1,1,The passage was very confusing. ,TreatmentA-SoftSell
1828,1,1,1,5,4,7,,1,1,1,,2,4,5,1,1,0,1,100,100,100,100,100,100,1,1,1,1,1,1,1,1,1,1,1,1,1,1,1,1,1,1,1,1,1,1,2,4,1,4,3,1,5,Falsely identifying the subject as racism is wrong.,2,2,3,3,2,3,1,1,1,2,2,2,2,1,2,3,1,4,3,2,2,2,2,I don't remember ,TreatmentB-HardSell
767,1,0,1,4,1,5,,3,1,4,,2,2,5,0,0,0,0,60,50,60,50,60,60,3,3,4,5,3,2,4,4,4,5,4,4,4,4,4,4,4,4,2,2,1,1,2,4,3,4,5,4,5,"The statement vouches for discussions on differences in culture and programs geared towards diversity especially for immigrants. Differences in culture and behavior exist, and it would be better to acknowledge this and accept people would function better in insular groups with their own respective cultures. ",1,2,1,1,1,3,2,2,1,2,2,2,2,1,1,2,2,2,1,1,1,1,1,"Confused as it acknowledges potential differences in customs and interests, but almost implies they are innate or require people to segregate into enclaves. I do not believe diversity especially as a result of immigration requires people to ignore the value of different perspectives or simply stick to their traditions and isolate from others. ",TreatmentA-SoftSell
887,1,0,1,1,2,7,,2,1,3,,2,3,5,0,0,0,0,80,80,80,80,80,80,2,2,2,2,2,2,2,2,2,4,1,2,1,1,1,1,1,1,2,2,1,1,3,2,2,3,4,4,5,"The Adelie penguin has unique features, like their white eyes, that make them stand out against other penguins and is similar to the famous character 'Pingu'. ",4,1,2,2,2,3,1,3,1,1,1,1,2,1,2,2,2,1,2,1,1,1,2,,Control
664,1,0,1,1,2,7,,4,1,5,,2,4,5,0,0,0,0,100,100,100,100,100,100,1,1,1,1,1,1,2,2,2,2,2,2,1,1,1,1,1,1,1,1,3,1,1,1,3,4,2,1,5,It is essential that our communities are diverse and inclusive of many different people from various backgrounds. Accepting cultures different from ones own and embracing new people into your circle is something that everyone could benefit from. ,3,1,2,4,1,1,1,3,1,1,1,1,1,1,2,1,1,1,1,1,1,1,1,,TreatmentC-ProDiversity
707,1,0,1,1,2,7,,2,1,4,,1,2,5,0,0,0,0,90,90,90,90,90,90,4,4,4,5,4,1,1,1,1,3,1,1,3,2,3,5,3,2,1,1,2,1,3,4,3,1,4,1,4,"Diversity, inclusion, political resources",3,1,2,2,1,1,1,1,1,3,1,1,2,1,1,2,2,1,2,1,1,1,1,it was fine,TreatmentC-ProDiversity
788,1,1,1,4,1,7,,1,1,3,,2,2,5,1,0,0,0,50,50,50,50,50,80,4,4,4,4,4,1,4,4,4,4,4,4,4,4,4,4,4,3,1,1,1,1,3,4,2,3,2,1,4,The author believes there are biological differences between people of different races. They also believe that certain ways of life are incompatible with that of the dominant culture. The solution they propose is separating people into ethnostates.,2,1,1,1,1,3,3,1,1,4,2,1,2,1,1,2,2,3,2,1,1,1,1,Disgust,TreatmentB-HardSell
1173,1,1,2,2,1,3,,3,1,3,,3,2,5,0,0,0,0,50,50,50,40,50,50,5,5,5,5,5,7,3,3,5,5,4,2,4,4,4,4,4,4,1,1,1,1,1,3,2,4,5,5,5,"It is important to recognize the racial differences in the proclivities of groups and do claim that doing so is racist is not productive in implementing policy decisions. Furthermore, different races are better suited to live within their own groups.",1,1,2,1,2,2,4,2,2,2,2,2,1,1,1,1,3,3,3,1,1,1,4,,TreatmentA-SoftSell
907,1,0,1,4,1,3,,5,1,1,,1,1,5,0,0,0,0,100,100,100,30,100,100,1,1,1,5,1,1,1,1,1,7,1,1,1,1,1,4,1,1,1,1,1,1,1,3,2,5,5,5,5,the insufficient outcomes from focusing on racial diversity and equity,3,1,1,1,1,4,1,1,1,1,1,1,1,1,1,1,3,1,1,1,1,1,1,no reaction,TreatmentB-HardSell
538,1,0,1,3,2,4,,5,1,2,,3,4,5,0,0,0,1,50,50,50,40,50,50,1,1,3,5,1,1,4,4,4,4,4,4,4,4,4,4,4,4,1,2,2,1,2,3,2,4,5,2,5,equal opportunity ,3,1,1,1,1,3,4,1,1,2,1,1,1,1,1,1,4,1,2,2,2,1,1,,TreatmentC-ProDiversity
95,0,0,1,4,3,7,,3,1,3,,3,5,5,0,0,0,0,,,,,,,,,,,,,,,,,,,,,,,,,,,,,,,,,,,,,,,,,,,,,,,,,,,,,,,,,,,,,
114,0,1,1,,,,,,,,,,,,,,,,,,,,,,,,,,,,,,,,,,,,,,,,,,,,,,,,,,,,,,,,,,,,,,,,,,,,,,,,,,,,
14237,1,0,1,3,3,8,asian and middle eastern,4,1,3,,3,4,5,1,1,0,0,100,100,100,100,100,100,3,4,5,3,5,7,4,5,3,3,5,5,7,7,7,7,7,7,3,2,1,1,1,1,2,3,4,4,5,Penguins.,4,1,1,1,1,3,3,1,1,1,1,1,1,1,1,3,1,1,1,1,1,1,1,"I felt pretty uncomfortable answering some of these questions. For example, I didn't like being asked to rate how intelligent groups of people are. I just said everyone was intelligent because I don't like the idea of declaring people as unintelligent.",Control
